Model,Accuracy,Precision,Recall,F1 Score,ROC AUC
XGBoost,0.9935,0.9693251533742331,0.9518072289156626,0.9604863221884499,0.9995138679034568
Logistic Regression,0.9905,0.9152542372881356,0.9759036144578314,0.9446064139941691,0.9990999986861295
Random Forest,0.994,0.98125,0.9457831325301205,0.9631901840490797,0.9976629527926318
Decision Tree,0.9935,0.9580838323353293,0.963855421686747,0.960960960960961,0.9800193138968086
