Metric,Value
Accuracy,0.9945
Precision,0.9754601226993865
Recall,0.9578313253012049
F1 Score,0.9665653495440729
ROC-AUC,0.9992872252368252
